1,6000,65535
2,6000,65535
3,6000,65535
4,6000,65535
5,6000,65535
6,6000,65535
7,6000,65535
8,6000,65535
9,6000,65535
10,6000,65535
11,6000,65535
12,6000,65535
13,6000,65535
14,6000,65535
15,6000,65535
16,6000,65535
17,6000,65535
18,6000,65535
19,6000,65535
20,6000,65535
21,6000,65535
22,6000,65535
23,6000,65535
24,6000,65535
25,6000,65535
26,6000,65535
27,6000,65535
28,6000,65535
29,6000,65535
30,6000,65535
31,6000,65535
32,6000,65535
33,6000,65535
34,6000,65535
35,6000,65535
36,6000,65535
37,6000,65535
38,6000,65535
39,6000,65535
40,6000,65535
41,6000,65535
42,6000,65535
43,6000,65535
44,6000,65535
45,6000,65535
46,6000,65535
47,6000,65535
48,6000,65535
49,6000,65535
50,6000,65535
51,6000,65535
52,6000,65535
53,6000,65535
54,6000,65535
55,6000,65535
56,6000,65535
57,6000,65535
58,6000,65535
59,6000,65535
60,6000,65535
61,6000,65535
62,6000,65535
63,6000,65535
64,6000,65535
65,6000,65535
66,6000,65535
67,6000,65535
68,6000,65535
69,6000,65535
70,6000,65535
71,6000,65535
72,6000,65535
73,6000,65535
74,6000,65535
75,6000,65535
76,6000,65535
77,6000,65535
78,6000,65535
79,6000,65535
80,6000,65535
81,6000,65535
82,6000,65535
83,6000,65535
84,6000,65535
85,6000,65535
86,6000,65535
87,6000,65535
88,6000,65535
89,6000,65535
90,6000,65535
91,6000,65535
92,6000,65535
93,6000,65535
94,6000,65535
95,6000,65535
96,6000,65535
97,6000,65535
98,6000,65535
99,6000,65535
100,6000,65535
101,6000,65535
102,6000,65535
103,6000,65535
104,6000,65535
105,6000,65535
106,6000,65535
107,6000,65535
108,6000,65535
109,6000,65535
110,6000,65535
111,6000,65535
112,6000,65535
113,6000,65535
114,6000,65535
115,6000,65535
116,6000,65535
117,6000,65535
118,6000,65535
119,6000,65535
120,6000,65535
121,6000,65535
122,6000,65535
123,6000,65535
124,6000,65535
125,6000,65535
126,6000,65535
127,6000,65535
128,6000,65535
129,6000,65535
130,6000,65535
131,6000,65535
132,6000,65535
133,6000,65535
134,6000,65535
135,6000,65535
136,6000,65535
137,6000,65535
138,6000,65535
139,6000,65535
140,6000,65535
141,6000,65535
142,6000,65535
143,6000,65535
144,6000,65535
145,6000,65535
146,6000,65535
147,6000,65535
148,6000,65535
149,6000,65535
150,6000,65535
151,6000,65535
152,6000,65535
153,6000,65535
154,6000,65535
155,6000,65535
156,6000,65535
157,6000,65535
158,6000,65535
159,6000,65535
160,6000,65535
161,6000,65535
162,6000,65535
163,6000,65535
164,6000,65535
165,6000,65535
166,6000,65535
167,6000,65535
168,6000,65535
169,6000,65535
170,6000,65535
171,6000,65535
172,6000,65535
173,6000,65535
174,6000,65535
175,6000,65535
176,6000,65535
177,6000,65535
178,6000,65535
179,6000,65535
180,6000,65535
181,6000,65535
182,6000,65535
183,6000,65535
184,6000,65535
185,6000,65535
186,6000,65535
187,6000,65535
188,6000,65535
189,6000,65535
190,6000,65535
191,6000,65535
192,6000,65535
193,6000,65535
194,6000,65535
195,6000,65535
196,6000,65535
197,6000,65535
198,6000,65535
199,6000,65535
200,6000,65535
201,6000,65535
202,6000,65535
203,6000,65535
204,6000,65535
205,6000,65535
206,6000,65535
207,6000,65535
208,6000,65535
209,6000,65535
210,6000,65535
211,6000,65535
212,6000,65535
213,6000,65535
214,6000,65535
215,6000,65535
216,6000,65535
217,6000,65535
218,6000,65535
219,6000,65535
220,6000,65535
221,6000,65535
222,6000,65535
223,6000,65535
224,6000,65535
225,6000,65535
226,6000,65535
227,6000,65535
228,6000,65535
229,6000,65535
230,6000,65535
231,6000,65535
232,6000,65535
233,6000,65535
234,6000,65535
235,6000,65535
236,6000,65535
237,6000,65535
238,6000,65535
239,6000,65535
240,6000,65535
241,6000,65535
242,6000,65535
243,6000,65535
244,6000,65535
245,6000,65535
246,6000,65535
247,6000,65535
248,6000,65535
249,6000,65535
250,6000,65535
251,6000,65535
252,6000,65535
253,6000,65535
254,6000,65535
255,6000,65535
256,6000,65535
257,6000,65535
258,6000,65535
259,6000,65535
260,6000,65535
261,6000,65535
262,6000,65535
263,6000,65535
264,6000,65535
265,6000,65535
266,6000,65535
267,6000,65535
268,6000,65535
269,6000,65535
270,6000,65535
271,6000,65535
272,6000,65535
273,6000,65535
274,6000,65535
275,6000,65535
276,6000,65535
277,6000,65535
278,6000,65535
279,6000,65535
280,6000,65535
281,6000,65535
282,6000,65535
283,6000,65535
284,6000,65535
285,6000,65535
286,6000,65535
287,6000,65535
288,6000,65535
289,6000,65535
290,6000,65535
291,6000,65535
292,6000,65535
293,6000,65533
294,6000,65535
295,6000,65535
296,6000,65535
297,6000,65535
298,6000,65535
299,6000,65535
300,6000,65535
301,6000,65535
302,6000,65535
303,6000,65535
304,6000,65535
305,6000,65535
306,6000,65535
307,6000,65535
308,6000,65535
309,6000,65535
310,6000,65533
311,6000,65535
312,6000,65535
313,6000,65535
314,6000,65535
315,6000,65535
316,6000,65535
317,6000,65535
318,6000,65535
319,6000,65535
320,6000,65535
321,6000,65535
322,6000,65535
323,6000,65535
324,6000,65535
325,6000,65535
326,6000,65535
327,6000,65535
328,6000,65535
329,6000,65535
330,6000,65535
331,6000,65535
332,6000,65535
333,6000,65535
334,6000,65535
335,6000,65535
336,6000,65535
337,6000,65535
338,6000,65535
339,6000,65535
340,6000,65535
341,6000,65535
342,6000,65525
343,6000,65535
344,6000,65535
345,6000,65535
346,6000,65535
347,6000,65535
348,6000,65535
349,6000,65535
350,6000,65535
351,6000,65535
352,6000,65535
353,6000,65535
354,6000,65535
355,6000,65535
356,6000,65535
357,6000,65535
358,6000,65533
359,6000,65535
360,6000,65535
361,6000,65535
362,6000,65535
363,6000,65535
364,6000,65535
365,6000,65535
366,6000,65535
367,6000,65535
368,6000,65535
369,6000,65535
370,6000,65535
371,6000,65535
372,6000,65535
373,6000,65535
374,6000,65532
375,6000,65535
376,6000,65535
377,6000,65535
378,6000,65535
379,6000,65535
380,6000,65535
381,6000,65535
382,6000,65535
383,6000,65535
384,6000,65535
385,6000,65535
386,6000,65535
387,6000,65526
388,6000,65535
389,6000,65535
390,6000,65535
391,6000,65535
392,6000,65535
393,6000,65534
394,6000,65535
395,6000,65535
396,6000,65535
397,6000,65535
398,6000,65535
399,6000,65535
400,6000,65535
401,6000,65535
402,6000,65535
403,6000,65535
404,6000,65535
405,6000,65535
406,6000,65535
407,6000,65535
408,6000,65535
409,6000,65535
410,6000,65535
411,6000,65535
412,6000,65535
413,6000,65535
414,6000,65535
415,6000,65535
416,6000,65535
417,6000,65535
418,6000,65535
419,6000,65535
420,6000,65535
421,6000,65535
422,6000,65535
423,6000,65535
424,6000,65535
425,6000,65535
426,6000,65535
427,6000,65535
428,6000,65535
429,6000,65535
430,6000,65535
431,6000,65535
432,6000,65535
433,6000,65535
434,6000,65535
435,6000,65535
436,6000,65535
437,6000,65535
438,6000,65535
439,6000,65535
440,6000,65535
441,6000,65535
442,6000,65535
443,6000,65535
444,6000,65535
445,6000,65535
446,6000,65535
447,6000,65535
448,6000,65535
449,6000,65535
450,6000,65535
451,6000,65535
452,6000,65535
453,6000,65535
454,6000,65535
455,6000,65535
456,6000,65535
457,6000,65535
458,6000,65535
459,6000,65535
460,6000,65535
461,6000,65535
462,6000,65535
463,6000,65535
464,6000,65535
465,6000,65535
466,6000,65535
467,6000,65535
468,6000,65535
469,6000,65535
470,6000,65535
471,6000,65535
472,6000,65535
473,6000,65535
474,6000,65535
475,6000,65535
476,6000,65535
477,6000,65535
478,6000,65535
479,6000,65535
480,6000,65535
481,6000,65535
482,6000,65535
483,6000,65535
484,6000,65535
485,6000,65535
486,6000,65535
487,6000,65535
488,6000,65535
489,6000,65535
490,6000,65535
491,6000,65535
492,6000,65535
493,6000,65535
494,6000,65535
495,6000,65535
496,6000,65535
497,6000,65535
498,6000,65535
499,6000,65535
500,6000,65535
501,6000,65535
502,6000,65535
503,6000,65535
504,6000,65535
505,6000,65535
506,6000,65535
507,6000,65535
508,6000,65535
509,6000,65535
510,6000,65535
511,6000,65535
512,6000,65535
513,6000,65535
514,6000,65535
515,6000,65535
516,6000,65535
517,6000,65535
518,6000,65535
519,6000,65535
520,6000,65535
521,6000,65535
522,6000,65535
523,6000,65530
524,6000,65535
525,6000,65535
526,6000,65535
527,6000,65535
528,6000,65535
529,6000,65535
530,6000,65535
531,6000,65535
532,6000,65535
533,6000,65535
534,6000,65535
535,6000,65535
536,6000,65535
537,6000,65535
538,6000,65535
539,6000,65535
540,6000,65535
541,6000,65535
542,6000,65535
543,6000,65535
544,6000,65535
545,6000,65535
546,6000,65535
547,6000,65535
548,6000,65535
549,6000,65535
550,6000,65535
551,6000,65535
552,6000,65535
553,6000,65528
554,6000,65535
555,6000,65535
556,6000,65526
557,6000,65531
558,6000,65535
559,6000,65535
560,6000,65535
561,6000,65535
562,6000,65535
563,6000,65535
564,6000,65535
565,6000,65535
566,6000,65535
567,6000,65535
568,6000,65535
569,6000,65535
570,6000,65535
571,6000,65535
572,6000,65534
573,6000,65535
574,6000,65534
575,6000,65535
576,6000,65535
577,6000,65535
578,6000,65535
579,6000,65535
580,6000,65535
581,6000,65535
582,6000,65535
583,6000,65535
584,6000,65535
585,6000,65531
586,6000,65535
587,6000,65535
588,6000,65535
589,6000,65535
590,6000,65535
591,6000,65535
592,6000,65535
593,6000,65535
594,6000,65535
595,6000,65535
596,6000,65535
597,6000,65535
598,6000,65535
599,6000,65535
600,6000,65534
601,6000,65532
602,6000,65535
603,6000,65535
604,6000,65535
605,6000,65535
606,6000,65535
607,6000,65535
608,6000,65535
609,6000,65535
610,6000,65535
611,6000,65535
612,6000,65535
613,6000,65535
614,6000,65535
615,6000,65535
616,6000,65535
617,6000,65535
618,6000,65535
619,6000,65534
620,6000,65535
621,6000,65535
622,6000,65535
623,6000,65535
624,6000,65535
625,6000,65535
626,6000,65535
627,6000,65535
628,6000,65535
629,6000,65535
630,6000,65535
631,6000,65534
632,6000,65535
633,6000,65535
634,6000,65535
635,6000,65535
636,6000,65535
637,6000,65535
638,6000,65535
639,6000,65535
640,6000,65535
641,6000,65535
642,6000,65535
643,6000,65535
644,6000,65535
645,6000,65535
646,6000,65535
647,6000,65535
648,6000,65534
649,6000,65531
650,6000,65535
651,6000,65535
652,6000,65535
653,6000,65535
654,6000,65535
655,6000,65535
656,6000,65535
657,6000,65535
658,6000,65535
659,6000,65535
660,6000,65535
661,6000,65535
662,6000,65535
663,6000,65535
664,6000,65535
665,6000,65533
666,6000,65535
667,6000,65535
668,6000,65535
669,6000,65535
670,6000,65535
671,6000,65535
672,6000,65535
673,6000,65535
674,6000,65535
675,6000,65535
676,6000,65535
677,6000,65535
678,6000,65533
679,6000,65530
680,6000,65535
681,6000,65535
682,6000,65535
683,6000,65535
684,6000,65535
685,6000,65535
686,6000,65535
687,6000,65535
688,6000,65535
689,6000,65535
690,6000,65535
691,6000,65535
692,6000,65534
693,6000,65534
694,6000,65532
695,6000,65535
696,6000,65531
697,6000,65535
698,6000,65535
699,6000,65535
700,6000,65535
701,6000,65535
702,6000,65535
703,6000,65535
704,6000,65535
705,6000,65535
706,6000,65535
707,6000,65535
708,6000,65535
709,6000,65535
710,6000,65533
711,6000,65531
712,6000,65535
713,6000,65535
714,6000,65535
715,6000,65535
716,6000,65535
717,6000,65535
718,6000,65535
719,6000,65535
720,6000,65535
721,6000,65535
722,6000,65535
723,6000,65535
724,6000,65535
725,6000,65535
726,6000,65535
727,6000,65531
728,6000,65535
729,6000,65535
730,6000,65535
731,6000,65535
732,6000,65535
733,6000,65535
734,6000,65535
735,6000,65535
736,6000,65535
737,6000,65535
738,6000,65534
739,6000,65535
740,6000,65535
741,6000,65535
742,6000,65535
743,6000,65535
744,6000,65535
745,6000,65535
746,6000,65535
747,6000,65535
748,6000,65535
749,6000,65535
750,6000,65535
751,6000,65535
752,6000,65535
753,6000,65530
754,6000,65533
755,6000,65535
756,6000,65535
757,6000,65535
758,6000,65535
759,6000,65535
760,6000,65535
761,6000,65535
762,6000,65535
763,6000,65535
764,6000,65535
765,6000,65535
766,6000,65535
767,6000,65535
768,6000,65535
769,6000,65535
770,6000,65533
771,6000,65535
772,6000,65535
773,6000,65535
774,6000,65535
775,6000,65535
776,6000,65535
777,6000,65535
778,6000,65535
779,6000,65535
780,6000,65535
781,6000,65535
782,6000,65535
783,6000,65535
784,6000,65528
785,6000,65531
786,6000,65535
787,6000,65533
788,6000,65535
789,6000,65535
790,6000,65535
791,6000,65535
792,6000,65535
793,6000,65535
794,6000,65535
795,6000,65535
796,6000,65535
797,6000,65535
798,6000,65535
799,6000,65535
800,6000,65535
801,6000,65535
802,6000,65533
803,6000,65535
804,6000,65535
805,6000,65535
806,6000,65535
807,6000,65535
808,6000,65535
809,6000,65535
810,6000,65535
811,6000,65535
812,6000,65535
813,6000,65535
814,6000,65535
815,6000,65535
816,6000,65535
817,6000,65535
818,6000,65535
819,6000,65535
820,6000,65535
821,6000,65535
822,6000,65535
823,6000,65535
824,6000,65535
825,6000,65535
826,6000,65535
827,6000,65535
828,6000,65535
829,6000,65535
830,6000,65533
831,6000,65535
832,6000,65531
833,6000,65535
834,6000,65535
835,6000,65535
836,6000,65535
837,6000,65535
838,6000,65535
839,6000,65535
840,6000,65535
841,6000,65535
842,6000,65535
843,6000,65535
844,6000,65535
845,6000,65535
846,6000,65533
847,6000,65531
848,6000,65535
849,6000,65535
850,6000,65535
851,6000,65535
852,6000,65535
853,6000,65535
854,6000,65535
855,6000,65535
856,6000,65535
857,6000,65535
858,6000,65532
859,6000,65535
860,6000,65531
861,6000,65535
862,6000,65535
863,6000,65534
864,6000,65535
865,6000,65535
866,6000,65535
867,6000,65535
868,6000,65535
869,6000,65535
870,6000,65535
871,6000,65535
872,6000,65535
873,6000,65535
874,6000,65535
875,6000,65535
876,6000,65535
877,6000,65533
878,6000,65534
879,6000,65535
880,6000,65535
881,6000,65535
882,6000,65535
883,6000,65535
884,6000,65535
885,6000,65535
886,6000,65535
887,6000,65535
888,6000,65535
889,6000,65535
890,6000,65535
891,6000,65535
892,6000,65525
893,6000,65535
894,6000,65535
895,6000,65535
896,6000,65535
897,6000,65535
898,6000,65535
899,6000,65535
900,6000,65535
901,6000,65535
902,6000,65535
903,6000,65535
904,6000,65535
905,6000,65535
906,6000,65535
907,6000,65535
908,6000,65535
909,6000,65535
910,6000,65535
911,6000,65535
912,6000,65535
913,6000,65535
914,6000,65535
915,6000,65535
916,6000,65535
917,6000,65535
918,6000,65535
919,6000,65535
920,6000,65535
921,6000,65535
922,6000,65530
923,6000,65534
924,6000,65535
925,6000,65535
926,6000,65535
927,6000,65535
928,6000,65535
929,6000,65535
930,6000,65535
931,6000,65535
932,6000,65535
933,6000,65535
934,6000,65535
935,6000,65535
936,6000,65535
937,6000,65535
938,6000,65535
939,6000,65535
940,6000,65535
941,6000,65535
942,6000,65535
943,6000,65535
944,6000,65535
945,6000,65535
946,6000,65535
947,6000,65535
948,6000,65535
949,6000,65535
950,6000,65535
951,6000,65535
952,6000,65535
953,6000,65535
954,6000,65535
955,6000,65535
956,6000,65535
957,6000,65535
958,6000,65535
959,6000,65535
960,6000,65535
961,6000,65535
962,6000,65535
963,6000,65535
964,6000,65535
965,6000,65535
966,6000,65535
967,6000,65535
968,6000,65535
969,6000,65533
970,6000,65529
971,6000,65533
972,6000,65535
973,6000,65533
974,6000,65535
975,6000,65535
976,6000,65535
977,6000,65535
978,6000,65535
979,6000,65535
980,6000,65535
981,6000,65535
982,6000,65535
983,6000,65535
984,6000,65535
985,6000,65535
986,6000,65532
987,6000,65533
988,6000,65535
989,6000,65535
990,6000,65535
991,6000,65535
992,6000,65535
993,6000,65535
994,6000,65535
995,6000,65535
996,6000,65535
997,6000,65535
998,6000,65535
999,6000,65532
1000,6000,65528
1001,6000,65535
1002,6000,65535
1003,6000,65535
1004,6000,65535
1005,6000,65535
1006,6000,65535
1007,6000,65535
1008,6000,65535
1009,6000,65535
1010,6000,65535
1011,6000,65535
1012,6000,65535
1013,6000,65535
1014,6000,65535
1015,6000,65535
1016,6000,65535
1017,6000,65535
1018,6000,65535
1019,6000,65535
1020,6000,65535
1021,6000,65535
1022,6000,65535
1023,6000,65535
1024,6000,65535
1025,6000,65535
1026,6000,65535
1027,6000,65535
1028,6000,65535
1029,6000,65535
1030,6000,65535
1031,6000,65535
1032,6000,65535
1033,6000,65535
1034,6000,65535
1035,6000,65535
1036,6000,65535
1037,6000,65535
1038,6000,65535
1039,6000,65535
1040,6000,65535
1041,6000,65535
1042,6000,65535
1043,6000,65535
1044,6000,65535
1045,6000,65535
1046,6000,65535
1047,6000,65535
1048,6000,65535
1049,6000,65535
1050,6000,65535
1051,6000,65535
1052,6000,65535
1053,6000,65535
1054,6000,65535
1055,6000,65535
1056,6000,65535
1057,6000,65535
1058,6000,65534
1059,6000,65535
1060,6000,65535
1061,6000,65535
1062,6000,65535
1063,6000,65535
1064,6000,65535
1065,6000,65535
1066,6000,65535
1067,6000,65535
1068,6000,65535
1069,6000,65535
1070,6000,65535
1071,6000,65535
1072,6000,65535
1073,6000,65535
1074,6000,65535
1075,6000,65535
1076,6000,65535
1077,6000,65535
1078,6000,65535
1079,6000,65535
1080,6000,65535
1081,6000,65535
1082,6000,65535
1083,6000,65535
1084,6000,65535
1085,6000,65535
1086,6000,65531
1087,6000,65535
1088,6000,65535
1089,6000,65528
1090,6000,65535
1091,6000,65535
1092,6000,65535
1093,6000,65535
1094,6000,65535
1095,6000,65535
1096,6000,65535
1097,6000,65535
1098,6000,65535
1099,6000,65535
1100,6000,65535
1101,6000,65535
1102,6000,65535
1103,6000,65535
1104,6000,65535
1105,6000,65535
1106,6000,65535
1107,6000,65535
1108,6000,65535
1109,6000,65535
1110,6000,65535
1111,6000,65535
1112,6000,65535
1113,6000,65535
1114,6000,65535
1115,6000,65535
1116,6000,65535
1117,6000,65534
1118,6000,65533
1119,6000,65535
1120,6000,65531
1121,6000,65535
1122,6000,65535
1123,6000,65535
1124,6000,65535
1125,6000,65535
1126,6000,65535
1127,6000,65535
1128,6000,65535
1129,6000,65535
1130,6000,65535
1131,6000,65535
1132,6000,65535
1133,6000,65527
1134,6000,65526
1135,6000,65529
1136,6000,65535
1137,6000,65535
1138,6000,65535
1139,6000,65535
1140,6000,65535
1141,6000,65535
1142,6000,65535
1143,6000,65535
1144,6000,65535
1145,6000,65535
1146,6000,65535
1147,6000,65535
1148,6000,65535
1149,6000,65529
1150,6000,65535
1151,6000,65535
1152,6000,65523
1153,6000,65535
1154,6000,65535
1155,6000,65535
1156,6000,65535
1157,6000,65535
1158,6000,65535
1159,6000,65535
1160,6000,65535
1161,6000,65535
1162,6000,65535
1163,6000,65535
1164,6000,65535
1165,6000,65535
1166,6000,65535
1167,6000,65533
1168,6000,65531
1169,6000,65535
1170,6000,65535
1171,6000,65535
1172,6000,65535
1173,6000,65535
1174,6000,65535
1175,6000,65535
1176,6000,65535
1177,6000,65535
1178,6000,65535
1179,6000,65535
1180,6000,65535
1181,6000,65530
1182,6000,65535
1183,6000,65535
1184,6000,65535
1185,6000,65528
1186,6000,65535
1187,6000,65535
1188,6000,65535
1189,6000,65535
1190,6000,65535
1191,6000,65535
1192,6000,65535
1193,6000,65535
1194,6000,65535
1195,6000,65535
1196,6000,65535
1197,6000,65535
1198,6000,65535
1199,6000,65535
1200,6000,65535
1201,6000,65535
1202,6000,65535
1203,6000,65535
1204,6000,65535
1205,6000,65535
1206,6000,65535
1207,6000,65534
1208,6000,65535
1209,6000,65535
1210,6000,65535
1211,6000,65535
1212,6000,65535
1213,6000,65533
1214,6000,65527
1215,6000,65535
1216,6000,65535
1217,6000,65535
1218,6000,65535
1219,6000,65535
1220,6000,65535
1221,6000,65535
1222,6000,65535
1223,6000,65535
1224,6000,65535
1225,6000,65535
1226,6000,65535
1227,6000,65533
1228,6000,65535
1229,6000,65535
1230,6000,65535
1231,6000,65535
1232,6000,65535
1233,6000,65535
1234,6000,65535
1235,6000,65535
1236,6000,65535
1237,6000,65535
1238,6000,65535
1239,6000,65535
1240,6000,65535
1241,6000,65527
1242,6000,65535
1243,6000,65528
1244,6000,65535
1245,6000,65535
1246,6000,65535
1247,6000,65535
1248,6000,65535
1249,6000,65535
1250,6000,65535
1251,6000,65535
1252,6000,65535
1253,6000,65535
1254,6000,65535
1255,6000,65535
1256,6000,65535
1257,6000,65535
1258,6000,65534
1259,6000,65530
1260,6000,65528
1261,6000,65535
1262,6000,65535
1263,6000,65535
1264,6000,65535
1265,6000,65535
1266,6000,65535
1267,6000,65535
1268,6000,65535
1269,6000,65535
1270,6000,65535
1271,6000,65535
1272,6000,65529
1273,6000,65533
1274,6000,65535
1275,6000,65533
1276,6000,65535
1277,6000,65535
1278,6000,65535
1279,6000,65535
1280,6000,65535
1281,6000,65535
1282,6000,65535
1283,6000,65535
1284,6000,65535
1285,6000,65532
1286,6000,65535
1287,6000,65535
1288,6000,65535
1289,6000,65535
1290,6000,65535
1291,6000,65535
1292,6000,65535
1293,6000,65535
1294,6000,65535
1295,6000,65535
1296,6000,65535
1297,6000,65535
1298,6000,65535
1299,6000,65535
1300,6000,65534
1301,6000,65532
1302,6000,65535
1303,6000,65526
1304,6000,65535
1305,6000,65533
1306,6000,65535
1307,6000,65535
1308,6000,65535
1309,6000,65535
1310,6000,65535
1311,6000,65535
1312,6000,65535
1313,6000,65535
1314,6000,65535
1315,6000,65535
1316,6000,65535
1317,6000,65535
1318,6000,65532
1319,6000,65528
1320,6000,65530
1321,6000,65535
1322,6000,65534
1323,6000,65535
1324,6000,65535
1325,6000,65535
1326,6000,65535
1327,6000,65535
1328,6000,65535
1329,6000,65535
1330,6000,65535
1331,6000,65535
1332,6000,65530
1333,6000,65534
1334,6000,65530
1335,6000,65533
1336,6000,65535
1337,6000,65535
1338,6000,65535
1339,6000,65535
1340,6000,65535
1341,6000,65535
1342,6000,65535
1343,6000,65535
1344,6000,65535
1345,6000,65535
1346,6000,65535
1347,6000,65529
1348,6000,65530
1349,6000,65526
1350,6000,65535
1351,6000,65535
1352,6000,65535
1353,6000,65535
1354,6000,65535
1355,6000,65535
1356,6000,65535
1357,6000,65535
1358,6000,65535
1359,6000,65535
1360,6000,65535
1361,6000,65535
1362,6000,65532
1363,6000,65533
1364,6000,65535
1365,6000,65535
1366,6000,65535
1367,6000,65535
1368,6000,65535
1369,6000,65535
1370,6000,65535
1371,6000,65535
1372,6000,65535
1373,6000,65535
1374,6000,65535
1375,6000,65534
1376,6000,65535
1377,6000,65527
1378,6000,65531
1379,6000,65526
1380,6000,65535
1381,6000,65531
1382,6000,65535
1383,6000,65535
1384,6000,65535
1385,6000,65535
1386,6000,65535
1387,6000,65535
1388,6000,65535
1389,6000,65535
1390,6000,65535
1391,6000,65535
1392,6000,65530
1393,6000,65535
1394,6000,65535
1395,6000,65535
1396,6000,65535
1397,6000,65535
1398,6000,65535
1399,6000,65535
1400,6000,65535
1401,6000,65535
1402,6000,65535
1403,6000,65535
1404,6000,65535
1405,6000,65535
1406,6000,65530
1407,6000,65535
1408,6000,65526
1409,6000,65532
1410,6000,65535
1411,6000,65535
1412,6000,65535
1413,6000,65535
1414,6000,65535
1415,6000,65535
1416,6000,65535
1417,6000,65535
1418,6000,65535
1419,6000,65534
1420,6000,65533
1421,6000,65533
1422,6000,65535
1423,6000,65533
1424,6000,65535
1425,6000,65534
1426,6000,65535
1427,6000,65535
1428,6000,65535
1429,6000,65535
1430,6000,65535
1431,6000,65535
1432,6000,65535
1433,6000,65535
1434,6000,65535
1435,6000,65535
1436,6000,65535
1437,6000,65535
1438,6000,65531
1439,6000,65530
1440,6000,65535
1441,6000,65535
1442,6000,65535
1443,6000,65535
1444,6000,65535
1445,6000,65535
1446,6000,65535
1447,6000,65535
1448,6000,65531
1449,6000,65535
1450,6000,65527
1451,6000,65532
1452,6000,65524
1453,6000,65533
1454,6000,65535
1455,6000,65535
1456,6000,65535
1457,6000,65535
1458,6000,65535
1459,6000,65535
1460,6000,65535
1461,6000,65535
1462,6000,65535
1463,6000,65535
1464,6000,65535
1465,6000,65531
1466,6000,65523
1467,6000,65530
1468,6000,65534
1469,6000,65535
1470,6000,65534
1471,6000,65535
1472,6000,65535
1473,6000,65535
1474,6000,65535
1475,6000,65535
1476,6000,65535
1477,6000,65535
1478,6000,65535
1479,6000,65535
1480,6000,65535
1481,6000,65535
1482,6000,65531
1483,6000,65534
1484,6000,65535
1485,6000,65535
1486,6000,65535
1487,6000,65535
1488,6000,65535
1489,6000,65535
1490,6000,65535
1491,6000,65535
1492,6000,65535
1493,6000,65535
1494,6000,65535
1495,6000,65534
1496,6000,65535
1497,6000,65535
1498,6000,65535
1499,6000,65535
1500,6000,65535
1501,6000,65535
1502,6000,65535
1503,6000,65535
1504,6000,65533
1505,6000,65530
1506,6000,65534
1507,6000,65528
1508,6000,65533
1509,6000,65529
1510,6000,65530
1511,6000,65529
1512,6000,65535
1513,6000,65535
1514,6000,65535
1515,6000,65535
1516,6000,65535
1517,6000,65535
1518,6000,65535
1519,6000,65535
1520,6000,65535
1521,6000,65535
1522,6000,65530
1523,6000,65531
1524,6000,65528
1525,6000,65532
1526,6000,65532
1527,6000,65535
1528,6000,65535
1529,6000,65535
1530,6000,65535
1531,6000,65535
1532,6000,65535
1533,6000,65535
1534,6000,65535
1535,6000,65535
1536,6000,65534
1537,6000,65529
1538,6000,65528
1539,6000,65531
1540,6000,65524
1541,6000,65529
1542,6000,65535
1543,6000,65535
1544,6000,65535
1545,6000,65535
1546,6000,65535
1547,6000,65535
1548,6000,65535
1549,6000,65535
1550,6000,65535
1551,6000,65533
1552,6000,65529
1553,6000,65535
1554,6000,65528
1555,6000,65535
1556,6000,65530
1557,6000,65535
1558,6000,65535
1559,6000,65535
1560,6000,65535
1561,6000,65535
1562,6000,65535
1563,6000,65535
1564,6000,65535
1565,6000,65535
1566,6000,65535
1567,6000,65527
1568,6000,65535
1569,6000,65528
1570,6000,65524
1571,6000,65533
1572,6000,65532
1573,6000,65535
1574,6000,65535
1575,6000,65535
1576,6000,65535
1577,6000,65535
1578,6000,65535
1579,6000,65535
1580,6000,65535
1581,6000,65535
1582,6000,65533
1583,6000,65532
1584,6000,65533
1585,6000,65534
1586,6000,65532
1587,6000,65535
1588,6000,65531
1589,6000,65535
1590,6000,65535
1591,6000,65535
1592,6000,65535
1593,6000,65535
1594,6000,65531
1595,6000,65535
1596,6000,65535
1597,6000,65534
1598,6000,65532
1599,6000,65520
1600,6000,65535
1601,6000,65533
1602,6000,65535
1603,6000,65535
1604,6000,65535
1605,6000,65535
1606,6000,65535
1607,6000,65535
1608,6000,65535
1609,6000,65535
1610,6000,65535
1611,6000,65535
1612,6000,65535
1613,6000,65526
1614,6000,65528
1615,6000,65535
1616,6000,65530
1617,6000,65531
1618,6000,65535
1619,6000,65535
1620,6000,65535
1621,6000,65535
1622,6000,65535
1623,6000,65535
1624,6000,65535
1625,6000,65535
1626,6000,65534
1627,6000,65530
1628,6000,65532
1629,6000,65524
1630,6000,65532
1631,6000,65528
1632,6000,65535
1633,6000,65535
1634,6000,65535
1635,6000,65535
1636,6000,65535
1637,6000,65535
1638,6000,65535
1639,6000,65535
1640,6000,65535
1641,6000,65535
1642,6000,65535
1643,6000,65535
1644,6000,65535
1645,6000,65535
1646,6000,65535
1647,6000,65535
1648,6000,65535
1649,6000,65535
1650,6000,65535
1651,6000,65535
1652,6000,65535
1653,6000,65535
1654,6000,65535
1655,6000,65535
1656,6000,65535
1657,6000,65532
1658,6000,65535
1659,6000,65528
1660,6000,65534
1661,6000,65533
1662,6000,65533
1663,6000,65533
1664,6000,65535
1665,6000,65535
1666,6000,65535
1667,6000,65535
1668,6000,65535
1669,6000,65535
1670,6000,65535
1671,6000,65535
1672,6000,65535
1673,6000,65535
1674,6000,65534
1675,6000,65533
1676,6000,65535
1677,6000,65535
1678,6000,65535
1679,6000,65535
1680,6000,65535
1681,6000,65535
1682,6000,65535
1683,6000,65535
1684,6000,65535
1685,6000,65535
1686,6000,65535
1687,6000,65535
1688,6000,65535
1689,6000,65535
1690,6000,65524
1691,6000,65535
1692,6000,65534
1693,6000,65529
1694,6000,65535
1695,6000,65535
1696,6000,65535
1697,6000,65535
1698,6000,65535
1699,6000,65535
1700,6000,65535
1701,6000,65535
1702,6000,65535
1703,6000,65535
1704,6000,65535
1705,6000,65532
1706,6000,65531
1707,6000,65524
1708,6000,65528
1709,6000,65535
1710,6000,65535
1711,6000,65535
1712,6000,65535
1713,6000,65535
1714,6000,65535
1715,6000,65535
1716,6000,65535
1717,6000,65535
1718,6000,65528
1719,6000,65535
1720,6000,65532
1721,6000,65524
1722,6000,65521
1723,6000,65532
1724,6000,65532
1725,6000,65535
1726,6000,65535
1727,6000,65535
1728,6000,65535
1729,6000,65535
1730,6000,65535
1731,6000,65535
1732,6000,65535
1733,6000,65535
1734,6000,65530
1735,6000,65531
1736,6000,65532
1737,6000,65531
1738,6000,65533
1739,6000,65533
1740,6000,65535
1741,6000,65535
1742,6000,65535
1743,6000,65535
1744,6000,65535
1745,6000,65535
1746,6000,65535
1747,6000,65533
1748,6000,65535
1749,6000,65535
1750,6000,65529
1751,6000,65535
1752,6000,65527
1753,6000,65535
1754,6000,65532
1755,6000,65535
1756,6000,65535
1757,6000,65535
1758,6000,65535
1759,6000,65535
1760,6000,65535
1761,6000,65535
1762,6000,65535
1763,6000,65535
1764,6000,65535
1765,6000,65533
1766,6000,65535
1767,6000,65529
1768,6000,65530
1769,6000,65535
1770,6000,65535
1771,6000,65534
1772,6000,65535
1773,6000,65535
1774,6000,65535
1775,6000,65535
1776,6000,65535
1777,6000,65530
1778,6000,65535
1779,6000,65535
1780,6000,65525
1781,6000,65529
1782,6000,65533
1783,6000,65533
1784,6000,65535
1785,6000,65535
1786,6000,65535
1787,6000,65535
1788,6000,65535
1789,6000,65535
1790,6000,65535
1791,6000,65535
1792,6000,65535
1793,6000,65535
1794,6000,65535
1795,6000,65531
1796,6000,65529
1797,6000,65523
1798,6000,65530
1799,6000,65531
1800,6000,65535
1801,6000,65535
1802,6000,65535
1803,6000,65535
1804,6000,65535
1805,6000,65535
1806,6000,65534
1807,6000,65535
1808,6000,65535
1809,6000,65535
1810,6000,65535
1811,6000,65535
1812,6000,65529
1813,6000,65532
1814,6000,65530
1815,6000,65533
1816,6000,65535
1817,6000,65528
1818,6000,65535
1819,6000,65535
1820,6000,65526
1821,6000,65535
1822,6000,65535
1823,6000,65535
1824,6000,65535
1825,6000,65533
1826,6000,65529
1827,6000,65532
1828,6000,65535
1829,6000,65534
1830,6000,65532
1831,6000,65535
1832,6000,65535
1833,6000,65535
1834,6000,65535
1835,6000,65535
1836,6000,65535
1837,6000,65535
1838,6000,65535
1839,6000,65534
1840,6000,65535
1841,6000,65534
1842,6000,65535
1843,6000,65530
1844,6000,65533
1845,6000,65530
1846,6000,65535
1847,6000,65535
1848,6000,65535
1849,6000,65535
1850,6000,65535
1851,6000,65535
1852,6000,65535
1853,6000,65535
1854,6000,65535
1855,6000,65534
1856,6000,65529
1857,6000,65533
1858,6000,65533
1859,6000,65531
1860,6000,65526
1861,6000,65535
1862,6000,65535
1863,6000,65535
1864,6000,65535
1865,6000,65533
1866,6000,65529
1867,6000,65535
1868,6000,65535
1869,6000,65535
1870,6000,65524
1871,6000,65528
1872,6000,65523
1873,6000,65531
1874,6000,65531
1875,6000,65535
1876,6000,65535
1877,6000,65535
1878,6000,65535
1879,6000,65535
1880,6000,65535
1881,6000,65535
1882,6000,65535
1883,6000,65535
1884,6000,65535
1885,6000,65535
1886,6000,65534
1887,6000,65520
1888,6000,65521
1889,6000,65529
1890,6000,65529
1891,6000,65528
1892,6000,65535
1893,6000,65535
1894,6000,65535
1895,6000,65535
1896,6000,65535
1897,6000,65535
1898,6000,65535
1899,6000,65535
1900,6000,65530
1901,6000,65528
1902,6000,65531
1903,6000,65527
1904,6000,65528
1905,6000,65535
1906,6000,65535
1907,6000,65535
1908,6000,65535
1909,6000,65535
1910,6000,65535
1911,6000,65535
1912,6000,65535
1913,6000,65535
1914,6000,65533
1915,6000,65533
1916,6000,65525
1917,6000,65535
1918,6000,65524
1919,6000,65530
1920,6000,65531
1921,6000,65531
1922,6000,65535
1923,6000,65535
1924,6000,65535
1925,6000,65535
1926,6000,65535
1927,6000,65535
1928,6000,65535
1929,6000,65530
1930,6000,65528
1931,6000,65526
1932,6000,65535
1933,6000,65534
1934,6000,65532
1935,6000,65532
1936,6000,65530
1937,6000,65535
1938,6000,65535
1939,6000,65535
1940,6000,65535
1941,6000,65535
1942,6000,65529
1943,6000,65535
1944,6000,65529
1945,6000,65535
1946,6000,65528
1947,6000,65527
1948,6000,65530
1949,6000,65534
1950,6000,65535
1951,6000,65535
1952,6000,65535
1953,6000,65535
1954,6000,65535
1955,6000,65535
1956,6000,65535
1957,6000,65535
1958,6000,65529
1959,6000,65532
1960,6000,65525
1961,6000,65528
1962,6000,65529
1963,6000,65528
1964,6000,65523
1965,6000,65532
1966,6000,65527
1967,6000,65535
1968,6000,65535
1969,6000,65535
1970,6000,65535
1971,6000,65535
1972,6000,65535
1973,6000,65535
1974,6000,65535
1975,6000,65534
1976,6000,65534
1977,6000,65521
1978,6000,65525
1979,6000,65519
1980,6000,65535
1981,6000,65526
1982,6000,65535
1983,6000,65535
1984,6000,65535
1985,6000,65530
1986,6000,65535
1987,6000,65535
1988,6000,65530
1989,6000,65534
1990,6000,65535
1991,6000,65535
1992,6000,65524
1993,6000,65519
1994,6000,65525
1995,6000,65526
1996,6000,65535
1997,6000,65532
1998,6000,65535
1999,6000,65535
2000,6000,65535
2001,6000,65535
2002,6000,65534
2003,6000,65529
2004,6000,65532
2005,6000,65526
2006,6000,65523
2007,6000,65523
2008,6000,65527
2009,6000,65524
2010,6000,65531
2011,6000,65535
2012,6000,65534
2013,6000,65535
2014,6000,65535
2015,6000,65535
2016,6000,65535
2017,6000,65535
2018,6000,65535
2019,6000,65524
2020,6000,65535
2021,6000,65515
2022,6000,65524
2023,6000,65521
2024,6000,65531
2025,6000,65534
2026,6000,65535
2027,6000,65535
2028,6000,65535
2029,6000,65535
2030,6000,65535
2031,6000,65535
2032,6000,65535
2033,6000,65535
2034,6000,65534
2035,6000,65535
2036,6000,65515
2037,6000,65518
2038,6000,65532
2039,6000,65523
2040,6000,65535
2041,6000,65532
2042,6000,65535
2043,6000,65535
2044,6000,65535
2045,6000,65535
2046,6000,65535
2047,6000,65535
2048,6000,65533
2049,6000,65534
2050,6000,65535
2051,6000,65523
2052,6000,65528
2053,6000,65529
2054,6000,65533
2055,6000,65530
2056,6000,65535
2057,6000,65535
2058,6000,65535
2059,6000,65535
2060,6000,65535
2061,6000,65535
2062,6000,65532
2063,6000,65535
2064,6000,65535
2065,6000,65528
2066,6000,65534
2067,6000,65526
2068,6000,65529
2069,6000,65522
2070,6000,65535
2071,6000,65534
2072,6000,65533
2073,6000,65535
2074,6000,65535
2075,6000,65535
2076,6000,65535
2077,6000,65535
2078,6000,65534
2079,6000,65530
2080,6000,65527
2081,6000,65534
2082,6000,65526
2083,6000,65525
2084,6000,65529
2085,6000,65532
2086,6000,65535
2087,6000,65535
2088,6000,65535
2089,6000,65535
2090,6000,65532
2091,6000,65535
2092,6000,65535
2093,6000,65535
2094,6000,65535
2095,6000,65535
2096,6000,65523
2097,6000,65530
2098,6000,65531
2099,6000,65535
2100,6000,65530
2101,6000,65534
2102,6000,65535
2103,6000,65535
2104,6000,65535
2105,6000,65535
2106,6000,65535
2107,6000,65534
2108,6000,65530
2109,6000,65533
2110,6000,65521
2111,6000,65527
2112,6000,65533
2113,6000,65529
2114,6000,65526
2115,6000,65529
2116,6000,65535
2117,6000,65535
2118,6000,65535
2119,6000,65535
2120,6000,65535
2121,6000,65535
2122,6000,65535
2123,6000,65535
2124,6000,65535
2125,6000,65524
2126,6000,65528
2127,6000,65523
2128,6000,65530
2129,6000,65521
2130,6000,65532
2131,6000,65525
2132,6000,65535
2133,6000,65535
2134,6000,65535
2135,6000,65535
2136,6000,65535
2137,6000,65535
2138,6000,65535
2139,6000,65535
2140,6000,65534
2141,6000,65527
2142,6000,65523
2143,6000,65521
2144,6000,65520
2145,6000,65527
2146,6000,65534
2147,6000,65534
2148,6000,65535
2149,6000,65535
2150,6000,65535
2151,6000,65535
2152,6000,65535
2153,6000,65535
2154,6000,65535
2155,6000,65535
2156,6000,65530
2157,6000,65526
2158,6000,65531
2159,6000,65531
2160,6000,65530
2161,6000,65533
2162,6000,65535
2163,6000,65535
2164,6000,65535
2165,6000,65535
2166,6000,65535
2167,6000,65535
2168,6000,65535
2169,6000,65526
2170,6000,65530
2171,6000,65535
2172,6000,65526
2173,6000,65525
2174,6000,65523
2175,6000,65528
2176,6000,65532
2177,6000,65535
2178,6000,65535
2179,6000,65535
2180,6000,65535
2181,6000,65535
2182,6000,65535
2183,6000,65535
2184,6000,65535
2185,6000,65528
2186,6000,65527
2187,6000,65526
2188,6000,65535
2189,6000,65524
2190,6000,65530
2191,6000,65535
2192,6000,65535
2193,6000,65535
2194,6000,65535
2195,6000,65535
2196,6000,65535
2197,6000,65535
2198,6000,65530
2199,6000,65535
2200,6000,65535
2201,6000,65521
2202,6000,65528
2203,6000,65528
2204,6000,65529
2205,6000,65531
2206,6000,65530
2207,6000,65535
2208,6000,65535
2209,6000,65535
2210,6000,65535
2211,6000,65535
2212,6000,65535
2213,6000,65535
2214,6000,65535
2215,6000,65535
2216,6000,65533
2217,6000,65535
2218,6000,65523
2219,6000,65529
2220,6000,65528
2221,6000,65534
2222,6000,65535
2223,6000,65535
2224,6000,65535
2225,6000,65535
2226,6000,65535
2227,6000,65535
2228,6000,65535
2229,6000,65535
2230,6000,65529
2231,6000,65535
2232,6000,65535
2233,6000,65530
2234,6000,65531
2235,6000,65527
2236,6000,65535
2237,6000,65531
2238,6000,65535
2239,6000,65535
2240,6000,65535
2241,6000,65535
2242,6000,65535
2243,6000,65535
2244,6000,65535
2245,6000,65535
2246,6000,65535
2247,6000,65535
2248,6000,65523
2249,6000,65532
2250,6000,65533
2251,6000,65528
2252,6000,65535
2253,6000,65534
2254,6000,65535
2255,6000,65535
2256,6000,65535
2257,6000,65535
2258,6000,65535
2259,6000,65535
2260,6000,65535
2261,6000,65535
2262,6000,65535
2263,6000,65532
2264,6000,65535
2265,6000,65530
2266,6000,65535
2267,6000,65531
2268,6000,65535
2269,6000,65535
2270,6000,65535
2271,6000,65535
2272,6000,65535
2273,6000,65535
2274,6000,65535
2275,6000,65535
2276,6000,65533
2277,6000,65529
2278,6000,65534
2279,6000,65525
2280,6000,65521
2281,6000,65527
2282,6000,65528
2283,6000,65535
2284,6000,65535
2285,6000,65535
2286,6000,65535
2287,6000,65535
2288,6000,65535
2289,6000,65535
2290,6000,65535
2291,6000,65535
2292,6000,65535
2293,6000,65531
2294,6000,65533
2295,6000,65527
2296,6000,65528
2297,6000,65527
2298,6000,65535
2299,6000,65535
2300,6000,65535
2301,6000,65535
2302,6000,65535
2303,6000,65535
2304,6000,65535
2305,6000,65535
2306,6000,65535
2307,6000,65533
2308,6000,65535
2309,6000,65526
2310,6000,65534
2311,6000,65521
2312,6000,65533
2313,6000,65526
2314,6000,65535
2315,6000,65535
2316,6000,65535
2317,6000,65535
2318,6000,65535
2319,6000,65535
2320,6000,65535
2321,6000,65535
2322,6000,65535
2323,6000,65535
2324,6000,65532
2325,6000,65526
2326,6000,65531
2327,6000,65532
2328,6000,65533
2329,6000,65535
2330,6000,65535
2331,6000,65535
2332,6000,65535
2333,6000,65535
2334,6000,65535
2335,6000,65535
2336,6000,65535
2337,6000,65533
2338,6000,65535
2339,6000,65529
2340,6000,65532
2341,6000,65528
2342,6000,65528
2343,6000,65532
2344,6000,65535
2345,6000,65533
2346,6000,65535
2347,6000,65535
2348,6000,65535
2349,6000,65535
2350,6000,65535
2351,6000,65535
2352,6000,65535
2353,6000,65535
2354,6000,65535
2355,6000,65535
2356,6000,65527
2357,6000,65535
2358,6000,65535
2359,6000,65532
2360,6000,65533
2361,6000,65535
2362,6000,65535
2363,6000,65535
2364,6000,65535
2365,6000,65535
2366,6000,65535
2367,6000,65535
2368,6000,65535
2369,6000,65532
2370,6000,65531
2371,6000,65535
2372,6000,65531
2373,6000,65532
2374,6000,65530
2375,6000,65535
2376,6000,65535
2377,6000,65535
2378,6000,65535
2379,6000,65535
2380,6000,65535
2381,6000,65535
2382,6000,65535
2383,6000,65535
2384,6000,65534
2385,6000,65531
2386,6000,65533
2387,6000,65524
2388,6000,65529
2389,6000,65535
2390,6000,65534
2391,6000,65535
2392,6000,65535
2393,6000,65535
2394,6000,65535
2395,6000,65535
2396,6000,65535
2397,6000,65535
2398,6000,65530
2399,6000,65535
2400,6000,65535
2401,6000,65534
2402,6000,65523
2403,6000,65534
2404,6000,65535
2405,6000,65535
2406,6000,65535
2407,6000,65535
2408,6000,65535
2409,6000,65535
2410,6000,65535
2411,6000,65535
2412,6000,65535
2413,6000,65535
2414,6000,65535
2415,6000,65530
2416,6000,65532
2417,6000,65533
2418,6000,65525
2419,6000,65530
2420,6000,65535
2421,6000,65535
2422,6000,65535
2423,6000,65535
2424,6000,65535
2425,6000,65535
2426,6000,65535
2427,6000,65535
2428,6000,65535
2429,6000,65524
2430,6000,65523
2431,6000,65535
2432,6000,65533
2433,6000,65534
2434,6000,65535
2435,6000,65535
2436,6000,65535
2437,6000,65535
2438,6000,65535
2439,6000,65535
2440,6000,65535
2441,6000,65535
2442,6000,65535
2443,6000,65535
2444,6000,65535
2445,6000,65533
2446,6000,65533
2447,6000,65524
2448,6000,65529
2449,6000,65535
2450,6000,65532
2451,6000,65532
2452,6000,65535
2453,6000,65535
2454,6000,65535
2455,6000,65535
2456,6000,65530
2457,6000,65535
2458,6000,65535
2459,6000,65535
2460,6000,65532
2461,6000,65530
2462,6000,65528
2463,6000,65532
2464,6000,65515
2465,6000,65535
2466,6000,65535
2467,6000,65535
2468,6000,65535
2469,6000,65535
2470,6000,65535
2471,6000,65535
2472,6000,65535
2473,6000,65535
2474,6000,65530
2475,6000,65535
2476,6000,65535
2477,6000,65532
2478,6000,65531
2479,6000,65535
2480,6000,65535
2481,6000,65535
2482,6000,65535
2483,6000,65535
2484,6000,65535
2485,6000,65535
2486,6000,65535
2487,6000,65535
2488,6000,65535
2489,6000,65535
2490,6000,65530
2491,6000,65535
2492,6000,65528
2493,6000,65534
2494,6000,65535
2495,6000,65525
2496,6000,65535
2497,6000,65535
2498,6000,65535
2499,6000,65535
2500,6000,65535
2501,6000,65535
2502,6000,65529
2503,6000,65528
2504,6000,65535
2505,6000,65535
2506,6000,65535
2507,6000,65535
2508,6000,65535
2509,6000,65535
2510,6000,65535
2511,6000,65535
2512,6000,65535
2513,6000,65535
2514,6000,65534
2515,6000,65527
2516,6000,65535
2517,6000,65522
2518,6000,65535
2519,6000,65535
2520,6000,65535
2521,6000,65535
2522,6000,65535
2523,6000,65535
2524,6000,65535
2525,6000,65535
2526,6000,65535
2527,6000,65535
2528,6000,65535
2529,6000,65530
2530,6000,65532
2531,6000,65524
2532,6000,65530
2533,6000,65524
2534,6000,65535
2535,6000,65535
2536,6000,65535
2537,6000,65535
2538,6000,65535
2539,6000,65535
2540,6000,65535
2541,6000,65534
2542,6000,65534
2543,6000,65535
2544,6000,65535
2545,6000,65529
2546,6000,65530
2547,6000,65533
2548,6000,65533
2549,6000,65530
2550,6000,65528
2551,6000,65535
2552,6000,65535
2553,6000,65535
2554,6000,65535
2555,6000,65535
2556,6000,65535
2557,6000,65535
2558,6000,65535
2559,6000,65535
2560,6000,65533
2561,6000,65535
2562,6000,65532
2563,6000,65521
2564,6000,65535
2565,6000,65529
2566,6000,65535
2567,6000,65535
2568,6000,65535
2569,6000,65535
2570,6000,65535
2571,6000,65535
2572,6000,65534
2573,6000,65535
2574,6000,65535
2575,6000,65533
2576,6000,65535
2577,6000,65530
2578,6000,65534
2579,6000,65527
2580,6000,65531
2581,6000,65535
2582,6000,65535
2583,6000,65535
2584,6000,65535
2585,6000,65535
2586,6000,65535
2587,6000,65535
2588,6000,65535
2589,6000,65534
2590,6000,65535
2591,6000,65534
2592,6000,65531
2593,6000,65529
2594,6000,65530
2595,6000,65526
2596,6000,65532
2597,6000,65535
2598,6000,65535
2599,6000,65535
2600,6000,65535
2601,6000,65535
2602,6000,65535
2603,6000,65535
2604,6000,65535
2605,6000,65535
2606,6000,65535
2607,6000,65525
2608,6000,65535
2609,6000,65535
2610,6000,65530
2611,6000,65529
2612,6000,65535
2613,6000,65535
2614,6000,65535
2615,6000,65535
2616,6000,65535
2617,6000,65535
2618,6000,65535
2619,6000,65534
2620,6000,65533
2621,6000,65530
2622,6000,65533
2623,6000,65526
2624,6000,65526
2625,6000,65531
2626,6000,65535
2627,6000,65535
2628,6000,65535
2629,6000,65535
2630,6000,65535
2631,6000,65535
2632,6000,65535
2633,6000,65535
2634,6000,65535
2635,6000,65535
2636,6000,65535
2637,6000,65533
2638,6000,65531
2639,6000,65530
2640,6000,65532
2641,6000,65528
2642,6000,65534
2643,6000,65535
2644,6000,65535
2645,6000,65535
2646,6000,65535
2647,6000,65535
2648,6000,65535
2649,6000,65535
2650,6000,65535
2651,6000,65535
2652,6000,65533
2653,6000,65533
2654,6000,65533
2655,6000,65528
2656,6000,65535
2657,6000,65533
2658,6000,65535
2659,6000,65535
2660,6000,65535
2661,6000,65535
2662,6000,65535
2663,6000,65535
2664,6000,65535
2665,6000,65535
2666,6000,65535
2667,6000,65535
2668,6000,65533
2669,6000,65531
2670,6000,65519
2671,6000,65533
2672,6000,65532
2673,6000,65529
2674,6000,65534
2675,6000,65535
2676,6000,65535
2677,6000,65535
2678,6000,65535
2679,6000,65535
2680,6000,65535
2681,6000,65535
2682,6000,65535
2683,6000,65528
2684,6000,65531
2685,6000,65534
2686,6000,65531
2687,6000,65527
2688,6000,65530
2689,6000,65535
2690,6000,65535
2691,6000,65535
2692,6000,65535
2693,6000,65535
2694,6000,65535
2695,6000,65535
2696,6000,65535
2697,6000,65533
2698,6000,65529
2699,6000,65534
2700,6000,65524
2701,6000,65525
2702,6000,65535
2703,6000,65535
2704,6000,65535
2705,6000,65535
2706,6000,65535
2707,6000,65535
2708,6000,65535
2709,6000,65535
2710,6000,65535
2711,6000,65531
2712,6000,65534
2713,6000,65530
2714,6000,65535
2715,6000,65520
2716,6000,65529
2717,6000,65535
2718,6000,65535
2719,6000,65535
2720,6000,65535
2721,6000,65535
2722,6000,65535
2723,6000,65535
2724,6000,65535
2725,6000,65535
2726,6000,65532
2727,6000,65535
2728,6000,65535
2729,6000,65533
2730,6000,65521
2731,6000,65535
2732,6000,65530
2733,6000,65532
2734,6000,65535
2735,6000,65535
2736,6000,65535
2737,6000,65535
2738,6000,65535
2739,6000,65535
2740,6000,65535
2741,6000,65535
2742,6000,65535
2743,6000,65533
2744,6000,65522
2745,6000,65529
2746,6000,65529
2747,6000,65528
2748,6000,65535
2749,6000,65532
2750,6000,65535
2751,6000,65535
2752,6000,65535
2753,6000,65535
2754,6000,65535
2755,6000,65535
2756,6000,65535
2757,6000,65535
2758,6000,65532
2759,6000,65531
2760,6000,65527
2761,6000,65527
2762,6000,65534
2763,6000,65529
2764,6000,65535
2765,6000,65535
2766,6000,65535
2767,6000,65535
2768,6000,65535
2769,6000,65535
2770,6000,65535
2771,6000,65535
2772,6000,65535
2773,6000,65535
2774,6000,65535
2775,6000,65520
2776,6000,65535
2777,6000,65533
2778,6000,65534
2779,6000,65532
2780,6000,65535
2781,6000,65535
2782,6000,65535
2783,6000,65535
2784,6000,65535
2785,6000,65535
2786,6000,65535
2787,6000,65535
2788,6000,65532
2789,6000,65533
2790,6000,65535
2791,6000,65535
2792,6000,65532
2793,6000,65532
2794,6000,65535
2795,6000,65535
2796,6000,65535
2797,6000,65535
2798,6000,65535
2799,6000,65535
2800,6000,65535
2801,6000,65535
2802,6000,65535
2803,6000,65532
2804,6000,65534
2805,6000,65535
2806,6000,65531
2807,6000,65528
2808,6000,65528
2809,6000,65535
2810,6000,65535
2811,6000,65535
2812,6000,65535
2813,6000,65535
2814,6000,65535
2815,6000,65535
2816,6000,65535
2817,6000,65535
2818,6000,65535
2819,6000,65535
2820,6000,65535
2821,6000,65526
2822,6000,65535
2823,6000,65527
2824,6000,65528
2825,6000,65535
2826,6000,65535
2827,6000,65535
2828,6000,65535
2829,6000,65535
2830,6000,65535
2831,6000,65535
2832,6000,65535
2833,6000,65535
2834,6000,65535
2835,6000,65535
2836,6000,65535
2837,6000,65531
2838,6000,65527
2839,6000,65532
2840,6000,65534
2841,6000,65535
2842,6000,65535
2843,6000,65535
2844,6000,65535
2845,6000,65535
2846,6000,65535
2847,6000,65535
2848,6000,65535
2849,6000,65535
2850,6000,65535
2851,6000,65531
2852,6000,65525
2853,6000,65525
2854,6000,65530
2855,6000,65532
2856,6000,65535
2857,6000,65535
2858,6000,65535
2859,6000,65535
2860,6000,65535
2861,6000,65535
2862,6000,65535
2863,6000,65535
2864,6000,65535
2865,6000,65532
2866,6000,65535
2867,6000,65535
2868,6000,65530
2869,6000,65533
2870,6000,65533
2871,6000,65535
2872,6000,65535
2873,6000,65535
2874,6000,65535
2875,6000,65535
2876,6000,65535
2877,6000,65535
2878,6000,65535
2879,6000,65535
2880,6000,65535
2881,6000,65535
2882,6000,65535
2883,6000,65535
2884,6000,65535
2885,6000,65531
2886,6000,65535
2887,6000,65535
2888,6000,65535
2889,6000,65535
2890,6000,65535
2891,6000,65535
2892,6000,65535
2893,6000,65535
2894,6000,65535
2895,6000,65535
2896,6000,65535
2897,6000,65532
2898,6000,65535
2899,6000,65535
2900,6000,65535
2901,6000,65535
2902,6000,65535
2903,6000,65535
2904,6000,65535
2905,6000,65535
2906,6000,65535
2907,6000,65535
2908,6000,65535
2909,6000,65535
2910,6000,65535
2911,6000,65533
2912,6000,65535
2913,6000,65534
2914,6000,65535
2915,6000,65535
2916,6000,65535
2917,6000,65535
2918,6000,65535
2919,6000,65535
2920,6000,65535
2921,6000,65535
2922,6000,65535
2923,6000,65535
2924,6000,65535
2925,6000,65535
2926,6000,65535
2927,6000,65535
2928,6000,65534
2929,6000,65528
2930,6000,65535
2931,6000,65535
2932,6000,65535
2933,6000,65535
2934,6000,65535
2935,6000,65535
2936,6000,65535
2937,6000,65535
2938,6000,65535
2939,6000,65535
2940,6000,65535
2941,6000,65535
2942,6000,65535
2943,6000,65535
2944,6000,65535
2945,6000,65535
2946,6000,65535
2947,6000,65535
2948,6000,65535
2949,6000,65535
2950,6000,65535
2951,6000,65535
2952,6000,65535
2953,6000,65535
2954,6000,65535
2955,6000,65535
2956,6000,65535
2957,6000,65533
2958,6000,65535
2959,6000,65535
2960,6000,65534
2961,6000,65535
2962,6000,65535
2963,6000,65535
2964,6000,65535
2965,6000,65535
2966,6000,65535
2967,6000,65535
2968,6000,65535
2969,6000,65535
2970,6000,65535
2971,6000,65535
2972,6000,65533
2973,6000,65535
2974,6000,65530
2975,6000,65535
2976,6000,65535
2977,6000,65535
2978,6000,65535
2979,6000,65535
2980,6000,65535
2981,6000,65535
2982,6000,65535
2983,6000,65535
2984,6000,65535
2985,6000,65534
2986,6000,65535
2987,6000,65535
2988,6000,65534
2989,6000,65527
2990,6000,65535
2991,6000,65534
2992,6000,65535
2993,6000,65535
2994,6000,65535
2995,6000,65535
2996,6000,65535
2997,6000,65535
2998,6000,65535
2999,6000,65535
3000,6000,65535
